Date,Not indexed,Indexed,Impressions
2026-06-25,,,12
2026-06-26,,,18
2026-06-27,,,10
2026-06-28,,,5
2026-06-29,,,5
2026-06-30,6,38,6
2026-07-01,8,42,8
2026-07-02,8,42,2
2026-07-03,8,42,7
2026-07-04,8,42,3
2026-07-05,8,42,2
2026-07-06,8,42,10
2026-07-07,8,42,3
2026-07-08,8,42,11
2026-07-09,8,42,7
2026-07-10,8,42,4
2026-07-11,18,75,7
2026-07-12,18,75,10
2026-07-13,18,75,4
2026-07-14,18,75,11
2026-07-15,18,75,7
2026-07-16,18,75,10
2026-07-17,18,75,8
2026-07-18,18,75,8
2026-07-19,18,75,15
2026-07-20,18,75,16
2026-07-21,18,75,10
2026-07-22,18,75,9
2026-07-23,18,75,13
2026-07-24,18,75,10
2026-07-25,21,82,11
2026-07-26,21,82,11
2026-07-27,21,82,16
2026-07-28,21,82,22
2026-07-29,21,82,20
2026-07-30,21,82,25
2026-07-31,21,82,26
2026-08-01,21,82,30
2026-08-02,21,82,26
2026-08-03,21,82,18
2026-08-04,21,82,15
2026-08-05,21,82,26
2026-08-06,20,84,26
2026-08-07,20,84,54
2026-08-08,20,86,173
2026-08-09,20,86,220
2026-08-10,20,86,282
2026-08-11,22,85,71
2026-08-12,22,85,20
2026-08-13,22,85,18
2026-08-14,22,85,13
2026-08-15,23,87,13
2026-08-16,23,87,20
2026-08-17,23,87,21
2026-08-18,30,92,19
2026-08-19,30,92,28
2026-08-20,30,92,20
2026-08-21,30,92,18
2026-08-22,27,101,26
2026-08-23,27,101,19
2026-08-24,27,101,33
2026-08-25,27,101,31
2026-08-26,27,101,62
2026-08-27,27,101,79
2026-08-28,27,101,24
2026-08-29,26,102,30
2026-08-30,26,102,34
2026-08-31,26,102,29
2026-09-01,26,102,25
2026-09-02,26,102,25
2026-09-03,26,102,19
2026-09-04,26,102,29
2026-09-05,30,101,18
2026-09-06,30,101,23
2026-09-07,30,101,49
2026-09-08,30,101,28
2026-09-09,30,101,29
2026-09-10,30,101,19
2026-09-11,30,101,17
2026-09-12,30,101,24
2026-09-13,30,101,13
2026-09-14,30,101,16
2026-09-15,1284,233,23
2026-09-16,1284,233,37
2026-09-17,1284,233,16
2026-09-18,1284,233,52